date,portfolio_return,portfolio_return_gross,trade_value,friction_cost,regime,stocks_held,cash,portfolio_value_start,portfolio_value,position_size,n_stocks,hmm_regime,cumulative_return
2024-01-10,0.010722955364133572,0.011822955364133572,50000.0,110.0,HIGH_VOL,"['MAZDOCK_NS', 'GODFRYPHLP_NS', 'BIOCON_NS']",False,100000.0,101072.29553641335,0.5,3,0,0.01072295536413348
2024-02-12,-0.0290408142483955,-0.0268408142483955,101072.29553641335,222.3590501801094,BULL,"['MOTILALOFS_NS', 'MAXHEALTH_NS', 'INDHOTEL_NS', 'LUPIN_NS']",False,101072.29553641335,98137.07377608144,1.0,4,1,-0.018629262239185596
2024-03-13,0.2538373657190047,0.2549373657190047,49068.53688804072,107.95078115368959,HIGH_VOL,"['AUBANK_NS', 'MOTILALOFS_NS']",False,98137.07377608144,123047.93006277356,0.5,2,0,0.2304793006277357
2024-04-16,-0.01898579714330247,-0.01678579714330247,123047.93006277356,270.7054461381019,BULL,"['SRF_NS', 'GLENMARK_NS', 'AUBANK_NS', 'IDEA_NS']",False,123047.93006277356,120711.76702369847,1.0,4,1,0.2071176702369848
2024-05-17,0.009720173165241531,0.01016017316524153,24142.353404739697,53.11317749042734,BEAR,"['INFY_NS', 'HINDZINC_NS', 'GODREJPROP_NS', 'POWERINDIA_NS']",False,120711.76702369847,121885.1063022511,0.2,4,2,0.2188510630225109
2024-06-19,0.047568091388828816,0.04800809138882882,24377.02126045022,53.629446772990484,BEAR,"['JUBLFOOD_NS', 'HCLTECH_NS', 'BRITANNIA_NS', 'SRF_NS', 'YESBANK_NS']",False,121885.1063022511,127682.94817777368,0.2,5,2,0.2768294817777368
2024-07-19,-0.001204572096762239,-0.00010457209676223896,63841.47408888684,140.45124299555107,HIGH_VOL,"['YESBANK_NS', 'NESTLEIND_NS', 'IOC_NS']",False,127682.94817777368,127529.1448611664,0.5,3,0,0.275291448611664
2024-08-20,0.03172182850902207,0.03392182850902207,127529.1448611664,280.5641186945661,BULL,"['ALKEM_NS', 'PAYTM_NS', 'TVSMOTOR_NS', 'POLICYBZR_NS']",False,127529.1448611664,131574.60252435456,1.0,4,1,0.31574602524354556
2024-09-18,-0.011279571975699107,-0.010839571975699108,26314.920504870912,57.89282511071601,BEAR,"['COCHINSHIP_NS', 'HDFCBANK_NS', 'BSE_NS', 'PAYTM_NS', 'MAXHEALTH_NS']",False,131574.60252435456,130090.4973250071,0.2,5,2,0.30090497325007104
2024-10-18,-0.0722,-0.07,130090.4973250071,286.19909411501567,BULL,"['IDEA_NS', 'IRFC_NS', 'COCHINSHIP_NS']",False,130090.4973250071,120697.96341814159,1.0,3,1,0.20697963418141585
2024-11-19,-0.028017577509063488,-0.027577577509063488,24139.592683628318,53.1071039039823,BEAR,"['COLPAL_NS', 'IDEA_NS', 'DMART_NS']",False,120697.96341814159,117316.2988728877,0.2,3,2,0.17316298872887703
2024-12-19,0.0030394214584434326,0.005239421458443433,117316.2988728877,258.0958575203529,BULL,"['INDUSINDBK_NS', 'ASIANPAINT_NS', 'BAJAJ_AUTO_NS', 'SBILIFE_NS', 'COROMANDEL_NS']",False,117316.2988728877,117672.87254910712,1.0,5,1,0.17672872549107121
2025-01-20,-0.02042416209712902,-0.01998416209712902,23534.574509821425,51.77606392160714,BEAR,"['PIIND_NS', 'HEROMOTOCO_NS', 'HDFCLIFE_NS', 'BRITANNIA_NS']",False,117672.87254910712,115269.50272572936,0.2,4,2,0.15269502725729356
2025-02-17,-0.005855217714534268,-0.0036552177145342674,115269.50272572936,253.5929059966046,BULL,"['BOSCHLTD_NS', 'GODFRYPHLP_NS', 'CONCOR_NS', 'CUMMINSIND_NS']",False,115269.50272572936,114594.57469142412,1.0,4,1,0.14594574691424111
2025-03-20,-0.009123667868382389,-0.00868366786838239,22918.914938284826,50.421612864226624,BEAR,"['BOSCHLTD_NS', 'OFSS_NS', 'TRENT_NS', 'MOTILALOFS_NS', 'PRESTIGE_NS']",False,114594.57469142412,113549.05185242103,0.2,5,2,0.13549051852421035
2025-04-24,0.05091363763668618,0.05201363763668618,56774.52592621052,124.90395703766315,HIGH_VOL,"['INFY_NS', 'ITC_NS']",False,113549.05185242103,119330.24713242448,0.5,2,0,0.19330247132424483
2025-05-26,0.06326211202242438,0.06436211202242438,59665.12356621224,131.26327184566694,HIGH_VOL,"['COCHINSHIP_NS', 'PAGEIND_NS']",False,119330.24713242448,126879.33059417951,0.5,2,0,0.26879330594179507
2025-06-24,0.02641629035552643,0.02861629035552643,126879.33059417951,279.13452730719496,BULL,"['BLUESTARCO_NS', '360ONE_NS', 'TRENT_NS', 'OIL_NS', 'BIOCON_NS']",False,126879.33059417951,130231.0118312702,1.0,5,1,0.30231011831270194
2025-07-23,0.010574904193407628,0.011014904193407627,26046.20236625404,57.301645205758895,BEAR,"['UNITDSPR_NS', 'BIOCON_NS', 'HDFCAMC_NS', 'ETERNAL_NS']",False,130231.0118312702,131608.19230439642,0.2,4,2,0.3160819230439642
2025-08-22,0.053498503744621666,0.055698503744621666,131608.19230439642,289.53802306967214,BULL,"['TCS_NS', 'UNITDSPR_NS', 'RVNL_NS', 'COCHINSHIP_NS']",False,131608.19230439642,138649.03367321606,1.0,4,1,0.3864903367321606
2025-09-23,-0.02127710515447584,-0.02083710515447584,27729.806734643214,61.00557481621507,BEAR,"['ADANIPOWER_NS', 'KALYANKJIL_NS', 'ABB_NS', 'HYUNDAI_NS', 'KOTAKBANK_NS']",False,138649.03367321606,135698.98360418458,0.2,5,2,0.35698983604184575
2025-10-24,-0.039380536254827375,-0.03894053625482737,27139.79672083692,59.70755278584122,BEAR,"['ADANIPOWER_NS', 'CHOLAFIN_NS', 'PREMIERENE_NS', 'BEL_NS']",False,135698.98360418458,130355.08486061677,0.2,4,2,0.30355084860616777
2025-11-25,-0.019484607707135296,-0.017284607707135295,130355.08486061677,286.7811866933569,BULL,"['GMRAIRPORT_NS', 'DMART_NS', 'SUNPHARMA_NS', 'TCS_NS', 'BSE_NS']",False,130355.08486061677,127815.16716947731,1.0,5,1,0.2781516716947732
2025-12-24,0.0017209569154297266,0.0028209569154297267,63907.583584738655,140.59668388642504,HIGH_VOL,"['SUPREMEIND_NS', 'SHREECEM_NS', 'FORTIS_NS']",False,127815.16716947731,128035.13156531443,0.5,3,0,0.2803513156531443
